{
    "global": {
        "ask_for_confirmation_before_quitting": true,
        "check_for_updates_on_startup": true,
        "show_in_menu_bar": false,
        "show_profile_name_in_menu_bar": false,
        "unsafe_ui": false
    },
    "profiles": [
        {
            "complex_modifications": {
                "parameters": {
                    "basic.simultaneous_threshold_milliseconds": 50,
                    "basic.to_delayed_action_delay_milliseconds": 500,
                    "basic.to_if_alone_timeout_milliseconds": 1000,
                    "basic.to_if_held_down_threshold_milliseconds": 500,
                    "mouse_motion_to_scroll.speed": 100
                },
                "rules": [
                    {
                        "description": "Hyper Key (⌃⌥⇧⌘)",
                        "manipulators": [
                            {
                                "description": "Caps Lock -> Hyper Key",
                                "from": {
                                    "key_code": "caps_lock"
                                },
                                "to": [
                                    {
                                        "key_code": "left_shift",
                                        "modifiers": [
                                            "left_command",
                                            "left_control",
                                            "left_option"
                                        ]
                                    }
                                ],
                                "type": "basic"
                            },
                            {
                                "description": "Up Arrow",
                                "from": {
                                    "key_code": "i",
                                    "modifiers": {
                                        "mandatory": [
                                            "left_shift",
                                            "left_command",
                                            "left_control",
                                            "left_option"
                                        ]
                                    }
                                },
                                "to": [
                                    {
                                        "key_code": "up_arrow"
                                    }
                                ],
                                "type": "basic"
                            },
                            {
                                "description": "Down Arrow",
                                "from": {
                                    "key_code": "k",
                                    "modifiers": {
                                        "mandatory": [
                                            "left_shift",
                                            "left_command",
                                            "left_control",
                                            "left_option"
                                        ]
                                    }
                                },
                                "to": [
                                    {
                                        "key_code": "down_arrow"
                                    }
                                ],
                                "type": "basic"
                            },
                            {
                                "description": "Left Arrow",
                                "from": {
                                    "key_code": "j",
                                    "modifiers": {
                                        "mandatory": [
                                            "left_shift",
                                            "left_command",
                                            "left_control",
                                            "left_option"
                                        ]
                                    }
                                },
                                "to": [
                                    {
                                        "key_code": "left_arrow"
                                    }
                                ],
                                "type": "basic"
                            },
                            {
                                "description": "Right Arrow",
                                "from": {
                                    "key_code": "l",
                                    "modifiers": {
                                        "mandatory": [
                                            "left_shift",
                                            "left_command",
                                            "left_control",
                                            "left_option"
                                        ]
                                    }
                                },
                                "to": [
                                    {
                                        "key_code": "right_arrow"
                                    }
                                ],
                                "type": "basic"
                            },
                            {
                                "description": "Right Arrow",
                                "from": {
                                    "key_code": "l",
                                    "modifiers": {
                                        "mandatory": [
                                            "left_shift",
                                            "left_command",
                                            "left_control",
                                            "left_option"
                                        ]
                                    }
                                },
                                "to": [
                                    {
                                        "key_code": "right_arrow"
                                    }
                                ],
                                "type": "basic"
                            },
                            {
                                "description": "Page Down",
                                "from": {
                                    "key_code": "o",
                                    "modifiers": {
                                        "mandatory": [
                                            "left_shift",
                                            "left_command",
                                            "left_control",
                                            "left_option"
                                        ]
                                    }
                                },
                                "to": [
                                    {
                                        "key_code": "page_down"
                                    }
                                ],
                                "type": "basic"
                            },
                            {
                                "description": "Page Up",
                                "from": {
                                    "key_code": "u",
                                    "modifiers": {
                                        "mandatory": [
                                            "left_shift",
                                            "left_command",
                                            "left_control",
                                            "left_option"
                                        ]
                                    }
                                },
                                "to": [
                                    {
                                        "key_code": "page_up"
                                    }
                                ],
                                "type": "basic"
                            },
                            {
                                "description": "Delete",
                                "from": {
                                    "key_code": "delete_or_backspace",
                                    "modifiers": {
                                        "mandatory": [
                                            "left_shift",
                                            "left_command",
                                            "left_control",
                                            "left_option"
                                        ]
                                    }
                                },
                                "to": [
                                    {
                                        "key_code": "delete_forward"
                                    }
                                ],
                                "type": "basic"
                            }
                        ]
                    },
                    {
                        "description": "Hyper Key sublayer \"a\"",
                        "manipulators": [
                            {
                                "conditions": [
                                    {
                                        "name": "hyper_sublayer_s",
                                        "type": "variable_if",
                                        "value": 0
                                    }
                                ],
                                "description": "Toggle Hyper sublayer a",
                                "from": {
                                    "key_code": "a",
                                    "modifiers": {
                                        "mandatory": [
                                            "left_command",
                                            "left_control",
                                            "left_shift",
                                            "left_option"
                                        ]
                                    }
                                },
                                "to": [
                                    {
                                        "set_variable": {
                                            "name": "hyper_sublayer_a",
                                            "value": 1
                                        }
                                    }
                                ],
                                "to_after_key_up": [
                                    {
                                        "set_variable": {
                                            "name": "hyper_sublayer_a",
                                            "value": 0
                                        }
                                    }
                                ],
                                "type": "basic"
                            },
                            {
                                "conditions": [
                                    {
                                        "name": "hyper_sublayer_a",
                                        "type": "variable_if",
                                        "value": 1
                                    }
                                ],
                                "description": "Open -a 'Google Chrome.app'",
                                "from": {
                                    "key_code": "c",
                                    "modifiers": {
                                        "mandatory": [
                                            "any"
                                        ]
                                    }
                                },
                                "to": [
                                    {
                                        "shell_command": "open -a 'Google Chrome.app'"
                                    }
                                ],
                                "type": "basic"
                            },
                            {
                                "conditions": [
                                    {
                                        "name": "hyper_sublayer_a",
                                        "type": "variable_if",
                                        "value": 1
                                    }
                                ],
                                "description": "Open -a 'Visual Studio Code.app'",
                                "from": {
                                    "key_code": "v",
                                    "modifiers": {
                                        "mandatory": [
                                            "any"
                                        ]
                                    }
                                },
                                "to": [
                                    {
                                        "shell_command": "open -a 'Visual Studio Code.app'"
                                    }
                                ],
                                "type": "basic"
                            },
                            {
                                "conditions": [
                                    {
                                        "name": "hyper_sublayer_a",
                                        "type": "variable_if",
                                        "value": 1
                                    }
                                ],
                                "description": "Open -a 'Discord.app'",
                                "from": {
                                    "key_code": "d",
                                    "modifiers": {
                                        "mandatory": [
                                            "any"
                                        ]
                                    }
                                },
                                "to": [
                                    {
                                        "shell_command": "open -a 'Discord.app'"
                                    }
                                ],
                                "type": "basic"
                            },
                            {
                                "conditions": [
                                    {
                                        "name": "hyper_sublayer_a",
                                        "type": "variable_if",
                                        "value": 1
                                    }
                                ],
                                "description": "Open -a 'Figma.app'",
                                "from": {
                                    "key_code": "f",
                                    "modifiers": {
                                        "mandatory": [
                                            "any"
                                        ]
                                    }
                                },
                                "to": [
                                    {
                                        "shell_command": "open -a 'Figma.app'"
                                    }
                                ],
                                "type": "basic"
                            },
                            {
                                "conditions": [
                                    {
                                        "name": "hyper_sublayer_a",
                                        "type": "variable_if",
                                        "value": 1
                                    }
                                ],
                                "description": "Open -a 'Slack.app'",
                                "from": {
                                    "key_code": "s",
                                    "modifiers": {
                                        "mandatory": [
                                            "any"
                                        ]
                                    }
                                },
                                "to": [
                                    {
                                        "shell_command": "open -a 'Slack.app'"
                                    }
                                ],
                                "type": "basic"
                            },
                            {
                                "conditions": [
                                    {
                                        "name": "hyper_sublayer_a",
                                        "type": "variable_if",
                                        "value": 1
                                    }
                                ],
                                "description": "Open -a 'Notion.app'",
                                "from": {
                                    "key_code": "n",
                                    "modifiers": {
                                        "mandatory": [
                                            "any"
                                        ]
                                    }
                                },
                                "to": [
                                    {
                                        "shell_command": "open -a 'Notion.app'"
                                    }
                                ],
                                "type": "basic"
                            },
                            {
                                "conditions": [
                                    {
                                        "name": "hyper_sublayer_a",
                                        "type": "variable_if",
                                        "value": 1
                                    }
                                ],
                                "description": "Open -a 'Microsoft Teams.app'",
                                "from": {
                                    "key_code": "t",
                                    "modifiers": {
                                        "mandatory": [
                                            "any"
                                        ]
                                    }
                                },
                                "to": [
                                    {
                                        "shell_command": "open -a 'Microsoft Teams.app'"
                                    }
                                ],
                                "type": "basic"
                            },
                            {
                                "conditions": [
                                    {
                                        "name": "hyper_sublayer_a",
                                        "type": "variable_if",
                                        "value": 1
                                    }
                                ],
                                "description": "Open -a 'Messages.app'",
                                "from": {
                                    "key_code": "m",
                                    "modifiers": {
                                        "mandatory": [
                                            "any"
                                        ]
                                    }
                                },
                                "to": [
                                    {
                                        "shell_command": "open -a 'Messages.app'"
                                    }
                                ],
                                "type": "basic"
                            },
                            {
                                "conditions": [
                                    {
                                        "name": "hyper_sublayer_a",
                                        "type": "variable_if",
                                        "value": 1
                                    }
                                ],
                                "description": "Open -a 'Mail.app'",
                                "from": {
                                    "key_code": "e",
                                    "modifiers": {
                                        "mandatory": [
                                            "any"
                                        ]
                                    }
                                },
                                "to": [
                                    {
                                        "shell_command": "open -a 'Mail.app'"
                                    }
                                ],
                                "type": "basic"
                            },
                            {
                                "conditions": [
                                    {
                                        "name": "hyper_sublayer_a",
                                        "type": "variable_if",
                                        "value": 1
                                    }
                                ],
                                "description": "Open -a 'Warp.app'",
                                "from": {
                                    "key_code": "w",
                                    "modifiers": {
                                        "mandatory": [
                                            "any"
                                        ]
                                    }
                                },
                                "to": [
                                    {
                                        "shell_command": "open -a 'Warp.app'"
                                    }
                                ],
                                "type": "basic"
                            },
                            {
                                "conditions": [
                                    {
                                        "name": "hyper_sublayer_a",
                                        "type": "variable_if",
                                        "value": 1
                                    }
                                ],
                                "description": "Open -a 'Arc.app'",
                                "from": {
                                    "key_code": "spacebar",
                                    "modifiers": {
                                        "mandatory": [
                                            "any"
                                        ]
                                    }
                                },
                                "to": [
                                    {
                                        "shell_command": "open -a 'Arc.app'"
                                    }
                                ],
                                "type": "basic"
                            }
                        ]
                    },
                    {
                        "description": "Hyper Key sublayer \"s\"",
                        "manipulators": [
                            {
                                "conditions": [
                                    {
                                        "name": "hyper_sublayer_a",
                                        "type": "variable_if",
                                        "value": 0
                                    }
                                ],
                                "description": "Toggle Hyper sublayer s",
                                "from": {
                                    "key_code": "s",
                                    "modifiers": {
                                        "mandatory": [
                                            "left_command",
                                            "left_control",
                                            "left_shift",
                                            "left_option"
                                        ]
                                    }
                                },
                                "to": [
                                    {
                                        "set_variable": {
                                            "name": "hyper_sublayer_s",
                                            "value": 1
                                        }
                                    }
                                ],
                                "to_after_key_up": [
                                    {
                                        "set_variable": {
                                            "name": "hyper_sublayer_s",
                                            "value": 0
                                        }
                                    }
                                ],
                                "type": "basic"
                            },
                            {
                                "conditions": [
                                    {
                                        "name": "hyper_sublayer_s",
                                        "type": "variable_if",
                                        "value": 1
                                    }
                                ],
                                "from": {
                                    "key_code": "u",
                                    "modifiers": {
                                        "mandatory": [
                                            "any"
                                        ]
                                    }
                                },
                                "to": [
                                    {
                                        "key_code": "volume_increment"
                                    }
                                ],
                                "type": "basic"
                            },
                            {
                                "conditions": [
                                    {
                                        "name": "hyper_sublayer_s",
                                        "type": "variable_if",
                                        "value": 1
                                    }
                                ],
                                "from": {
                                    "key_code": "j",
                                    "modifiers": {
                                        "mandatory": [
                                            "any"
                                        ]
                                    }
                                },
                                "to": [
                                    {
                                        "key_code": "volume_decrement"
                                    }
                                ],
                                "type": "basic"
                            },
                            {
                                "conditions": [
                                    {
                                        "name": "hyper_sublayer_s",
                                        "type": "variable_if",
                                        "value": 1
                                    }
                                ],
                                "from": {
                                    "key_code": "i",
                                    "modifiers": {
                                        "mandatory": [
                                            "any"
                                        ]
                                    }
                                },
                                "to": [
                                    {
                                        "key_code": "display_brightness_increment"
                                    }
                                ],
                                "type": "basic"
                            },
                            {
                                "conditions": [
                                    {
                                        "name": "hyper_sublayer_s",
                                        "type": "variable_if",
                                        "value": 1
                                    }
                                ],
                                "from": {
                                    "key_code": "k",
                                    "modifiers": {
                                        "mandatory": [
                                            "any"
                                        ]
                                    }
                                },
                                "to": [
                                    {
                                        "key_code": "display_brightness_decrement"
                                    }
                                ],
                                "type": "basic"
                            },
                            {
                                "conditions": [
                                    {
                                        "name": "hyper_sublayer_s",
                                        "type": "variable_if",
                                        "value": 1
                                    }
                                ],
                                "from": {
                                    "key_code": "l",
                                    "modifiers": {
                                        "mandatory": [
                                            "any"
                                        ]
                                    }
                                },
                                "to": [
                                    {
                                        "key_code": "q",
                                        "modifiers": [
                                            "right_control",
                                            "right_command"
                                        ]
                                    }
                                ],
                                "type": "basic"
                            },
                            {
                                "conditions": [
                                    {
                                        "name": "hyper_sublayer_s",
                                        "type": "variable_if",
                                        "value": 1
                                    }
                                ],
                                "from": {
                                    "key_code": "p",
                                    "modifiers": {
                                        "mandatory": [
                                            "any"
                                        ]
                                    }
                                },
                                "to": [
                                    {
                                        "key_code": "play_or_pause"
                                    }
                                ],
                                "type": "basic"
                            },
                            {
                                "conditions": [
                                    {
                                        "name": "hyper_sublayer_s",
                                        "type": "variable_if",
                                        "value": 1
                                    }
                                ],
                                "from": {
                                    "key_code": "semicolon",
                                    "modifiers": {
                                        "mandatory": [
                                            "any"
                                        ]
                                    }
                                },
                                "to": [
                                    {
                                        "key_code": "fastforward"
                                    }
                                ],
                                "type": "basic"
                            },
                            {
                                "conditions": [
                                    {
                                        "name": "hyper_sublayer_s",
                                        "type": "variable_if",
                                        "value": 1
                                    }
                                ],
                                "from": {
                                    "key_code": "e",
                                    "modifiers": {
                                        "mandatory": [
                                            "any"
                                        ]
                                    }
                                },
                                "to": [
                                    {
                                        "key_code": "spacebar",
                                        "modifiers": [
                                            "right_control",
                                            "right_command"
                                        ]
                                    }
                                ],
                                "type": "basic"
                            }
                        ]
                    }
                ]
            },
            "devices": [
                {
                    "disable_built_in_keyboard_if_exists": false,
                    "fn_function_keys": [],
                    "identifiers": {
                        "is_keyboard": true,
                        "is_pointing_device": true,
                        "product_id": 20548,
                        "vendor_id": 12815
                    },
                    "ignore": true,
                    "manipulate_caps_lock_led": true,
                    "simple_modifications": [],
                    "treat_as_built_in_keyboard": false
                },
                {
                    "disable_built_in_keyboard_if_exists": false,
                    "fn_function_keys": [],
                    "identifiers": {
                        "is_keyboard": true,
                        "is_pointing_device": false,
                        "product_id": 20548,
                        "vendor_id": 12815
                    },
                    "ignore": false,
                    "manipulate_caps_lock_led": true,
                    "simple_modifications": [],
                    "treat_as_built_in_keyboard": false
                },
                {
                    "disable_built_in_keyboard_if_exists": false,
                    "fn_function_keys": [],
                    "identifiers": {
                        "is_keyboard": false,
                        "is_pointing_device": true,
                        "product_id": 613,
                        "vendor_id": 76
                    },
                    "ignore": true,
                    "manipulate_caps_lock_led": false,
                    "simple_modifications": [],
                    "treat_as_built_in_keyboard": false
                },
                {
                    "disable_built_in_keyboard_if_exists": false,
                    "fn_function_keys": [],
                    "identifiers": {
                        "is_keyboard": true,
                        "is_pointing_device": false,
                        "product_id": 50504,
                        "vendor_id": 1133
                    },
                    "ignore": false,
                    "manipulate_caps_lock_led": true,
                    "simple_modifications": [],
                    "treat_as_built_in_keyboard": false
                },
                {
                    "disable_built_in_keyboard_if_exists": false,
                    "fn_function_keys": [],
                    "identifiers": {
                        "is_keyboard": false,
                        "is_pointing_device": true,
                        "product_id": 50504,
                        "vendor_id": 1133
                    },
                    "ignore": true,
                    "manipulate_caps_lock_led": false,
                    "simple_modifications": [],
                    "treat_as_built_in_keyboard": false
                }
            ],
            "fn_function_keys": [
                {
                    "from": {
                        "key_code": "f1"
                    },
                    "to": [
                        {
                            "consumer_key_code": "display_brightness_decrement"
                        }
                    ]
                },
                {
                    "from": {
                        "key_code": "f2"
                    },
                    "to": [
                        {
                            "consumer_key_code": "display_brightness_increment"
                        }
                    ]
                },
                {
                    "from": {
                        "key_code": "f3"
                    },
                    "to": [
                        {
                            "apple_vendor_keyboard_key_code": "mission_control"
                        }
                    ]
                },
                {
                    "from": {
                        "key_code": "f4"
                    },
                    "to": [
                        {
                            "apple_vendor_keyboard_key_code": "spotlight"
                        }
                    ]
                },
                {
                    "from": {
                        "key_code": "f5"
                    },
                    "to": [
                        {
                            "consumer_key_code": "dictation"
                        }
                    ]
                },
                {
                    "from": {
                        "key_code": "f6"
                    },
                    "to": [
                        {
                            "key_code": "f6"
                        }
                    ]
                },
                {
                    "from": {
                        "key_code": "f7"
                    },
                    "to": [
                        {
                            "consumer_key_code": "rewind"
                        }
                    ]
                },
                {
                    "from": {
                        "key_code": "f8"
                    },
                    "to": [
                        {
                            "consumer_key_code": "play_or_pause"
                        }
                    ]
                },
                {
                    "from": {
                        "key_code": "f9"
                    },
                    "to": [
                        {
                            "consumer_key_code": "fast_forward"
                        }
                    ]
                },
                {
                    "from": {
                        "key_code": "f10"
                    },
                    "to": [
                        {
                            "consumer_key_code": "mute"
                        }
                    ]
                },
                {
                    "from": {
                        "key_code": "f11"
                    },
                    "to": [
                        {
                            "consumer_key_code": "volume_decrement"
                        }
                    ]
                },
                {
                    "from": {
                        "key_code": "f12"
                    },
                    "to": [
                        {
                            "consumer_key_code": "volume_increment"
                        }
                    ]
                }
            ],
            "name": "Default",
            "parameters": {
                "delay_milliseconds_before_open_device": 1000
            },
            "selected": false,
            "simple_modifications": [],
            "virtual_hid_keyboard": {
                "country_code": 0,
                "indicate_sticky_modifier_keys_state": true,
                "mouse_key_xy_scale": 100
            }
        }
    ]
}