{
  "global": {
    "show_in_menu_bar": false
  },
  "profiles": [
    {
      "name": "Default",
      "complex_modifications": {
        "rules": [
          {
            "description": "Hyper Key (⌃⌥⇧⌘)",
            "manipulators": [
              {
                "description": "Caps Lock -> Hyper Key",
                "from": {
                  "key_code": "caps_lock"
                },
                "to": [
                  {
                    "key_code": "left_shift",
                    "modifiers": [
                      "left_command",
                      "left_control",
                      "left_option"
                    ]
                  }
                ],
                "type": "basic"
              },
              {
                "type": "basic",
                "description": "Up Arrow",
                "from": {
                  "key_code": "i",
                  "modifiers": {
                    "mandatory": [
                      "left_shift",
                      "left_command",
                      "left_control",
                      "left_option"
                    ]
                  }
                },
                "to": [
                  {
                    "key_code": "up_arrow"
                  }
                ]
              },
              {
                "type": "basic",
                "description": "Down Arrow",
                "from": {
                  "key_code": "k",
                  "modifiers": {
                    "mandatory": [
                      "left_shift",
                      "left_command",
                      "left_control",
                      "left_option"
                    ]
                  }
                },
                "to": [
                  {
                    "key_code": "down_arrow"
                  }
                ]
              },
              {
                "type": "basic",
                "description": "Left Arrow",
                "from": {
                  "key_code": "j",
                  "modifiers": {
                    "mandatory": [
                      "left_shift",
                      "left_command",
                      "left_control",
                      "left_option"
                    ]
                  }
                },
                "to": [
                  {
                    "key_code": "left_arrow"
                  }
                ]
              },
              {
                "type": "basic",
                "description": "Right Arrow",
                "from": {
                  "key_code": "l",
                  "modifiers": {
                    "mandatory": [
                      "left_shift",
                      "left_command",
                      "left_control",
                      "left_option"
                    ]
                  }
                },
                "to": [
                  {
                    "key_code": "right_arrow"
                  }
                ]
              },
              {
                "type": "basic",
                "description": "Right Arrow",
                "from": {
                  "key_code": "l",
                  "modifiers": {
                    "mandatory": [
                      "left_shift",
                      "left_command",
                      "left_control",
                      "left_option"
                    ]
                  }
                },
                "to": [
                  {
                    "key_code": "right_arrow"
                  }
                ]
              },
              {
                "type": "basic",
                "description": "Page Down",
                "from": {
                  "key_code": "o",
                  "modifiers": {
                    "mandatory": [
                      "left_shift",
                      "left_command",
                      "left_control",
                      "left_option"
                    ]
                  }
                },
                "to": [
                  {
                    "key_code": "page_down"
                  }
                ]
              },
              {
                "type": "basic",
                "description": "Page Up",
                "from": {
                  "key_code": "u",
                  "modifiers": {
                    "mandatory": [
                      "left_shift",
                      "left_command",
                      "left_control",
                      "left_option"
                    ]
                  }
                },
                "to": [
                  {
                    "key_code": "page_up"
                  }
                ]
              },
              {
                "type": "basic",
                "description": "Delete",
                "from": {
                  "key_code": "delete_or_backspace",
                  "modifiers": {
                    "mandatory": [
                      "left_shift",
                      "left_command",
                      "left_control",
                      "left_option"
                    ]
                  }
                },
                "to": [
                  {
                    "key_code": "delete_forward"
                  }
                ]
              }
            ]
          },
          {
            "description": "Hyper Key sublayer \"a\"",
            "manipulators": [
              {
                "description": "Toggle Hyper sublayer a",
                "type": "basic",
                "from": {
                  "key_code": "a",
                  "modifiers": {
                    "mandatory": [
                      "left_command",
                      "left_control",
                      "left_shift",
                      "left_option"
                    ]
                  }
                },
                "to_after_key_up": [
                  {
                    "set_variable": {
                      "name": "hyper_sublayer_a",
                      "value": 0
                    }
                  }
                ],
                "to": [
                  {
                    "set_variable": {
                      "name": "hyper_sublayer_a",
                      "value": 1
                    }
                  }
                ],
                "conditions": [
                  {
                    "type": "variable_if",
                    "name": "hyper_sublayer_s",
                    "value": 0
                  }
                ]
              },
              {
                "to": [
                  {
                    "shell_command": "open -a 'Google Chrome.app'"
                  }
                ],
                "description": "Open -a 'Google Chrome.app'",
                "type": "basic",
                "from": {
                  "key_code": "c",
                  "modifiers": {
                    "mandatory": [
                      "any"
                    ]
                  }
                },
                "conditions": [
                  {
                    "type": "variable_if",
                    "name": "hyper_sublayer_a",
                    "value": 1
                  }
                ]
              },
              {
                "to": [
                  {
                    "shell_command": "open -a 'Visual Studio Code.app'"
                  }
                ],
                "description": "Open -a 'Visual Studio Code.app'",
                "type": "basic",
                "from": {
                  "key_code": "v",
                  "modifiers": {
                    "mandatory": [
                      "any"
                    ]
                  }
                },
                "conditions": [
                  {
                    "type": "variable_if",
                    "name": "hyper_sublayer_a",
                    "value": 1
                  }
                ]
              },
              {
                "to": [
                  {
                    "shell_command": "open -a 'Discord.app'"
                  }
                ],
                "description": "Open -a 'Discord.app'",
                "type": "basic",
                "from": {
                  "key_code": "d",
                  "modifiers": {
                    "mandatory": [
                      "any"
                    ]
                  }
                },
                "conditions": [
                  {
                    "type": "variable_if",
                    "name": "hyper_sublayer_a",
                    "value": 1
                  }
                ]
              },
              {
                "to": [
                  {
                    "shell_command": "open -a 'Figma.app'"
                  }
                ],
                "description": "Open -a 'Figma.app'",
                "type": "basic",
                "from": {
                  "key_code": "f",
                  "modifiers": {
                    "mandatory": [
                      "any"
                    ]
                  }
                },
                "conditions": [
                  {
                    "type": "variable_if",
                    "name": "hyper_sublayer_a",
                    "value": 1
                  }
                ]
              },
              {
                "to": [
                  {
                    "shell_command": "open -a 'Slack.app'"
                  }
                ],
                "description": "Open -a 'Slack.app'",
                "type": "basic",
                "from": {
                  "key_code": "s",
                  "modifiers": {
                    "mandatory": [
                      "any"
                    ]
                  }
                },
                "conditions": [
                  {
                    "type": "variable_if",
                    "name": "hyper_sublayer_a",
                    "value": 1
                  }
                ]
              },
              {
                "to": [
                  {
                    "shell_command": "open -a 'Notion.app'"
                  }
                ],
                "description": "Open -a 'Notion.app'",
                "type": "basic",
                "from": {
                  "key_code": "n",
                  "modifiers": {
                    "mandatory": [
                      "any"
                    ]
                  }
                },
                "conditions": [
                  {
                    "type": "variable_if",
                    "name": "hyper_sublayer_a",
                    "value": 1
                  }
                ]
              },
              {
                "to": [
                  {
                    "shell_command": "open -a 'Microsoft Teams.app'"
                  }
                ],
                "description": "Open -a 'Microsoft Teams.app'",
                "type": "basic",
                "from": {
                  "key_code": "t",
                  "modifiers": {
                    "mandatory": [
                      "any"
                    ]
                  }
                },
                "conditions": [
                  {
                    "type": "variable_if",
                    "name": "hyper_sublayer_a",
                    "value": 1
                  }
                ]
              },
              {
                "to": [
                  {
                    "shell_command": "open -a 'Messages.app'"
                  }
                ],
                "description": "Open -a 'Messages.app'",
                "type": "basic",
                "from": {
                  "key_code": "m",
                  "modifiers": {
                    "mandatory": [
                      "any"
                    ]
                  }
                },
                "conditions": [
                  {
                    "type": "variable_if",
                    "name": "hyper_sublayer_a",
                    "value": 1
                  }
                ]
              },
              {
                "to": [
                  {
                    "shell_command": "open -a 'Mail.app'"
                  }
                ],
                "description": "Open -a 'Mail.app'",
                "type": "basic",
                "from": {
                  "key_code": "e",
                  "modifiers": {
                    "mandatory": [
                      "any"
                    ]
                  }
                },
                "conditions": [
                  {
                    "type": "variable_if",
                    "name": "hyper_sublayer_a",
                    "value": 1
                  }
                ]
              },
              {
                "to": [
                  {
                    "shell_command": "open -a 'Warp.app'"
                  }
                ],
                "description": "Open -a 'Warp.app'",
                "type": "basic",
                "from": {
                  "key_code": "w",
                  "modifiers": {
                    "mandatory": [
                      "any"
                    ]
                  }
                },
                "conditions": [
                  {
                    "type": "variable_if",
                    "name": "hyper_sublayer_a",
                    "value": 1
                  }
                ]
              },
              {
                "to": [
                  {
                    "shell_command": "open -a 'Arc.app'"
                  }
                ],
                "description": "Open -a 'Arc.app'",
                "type": "basic",
                "from": {
                  "key_code": "spacebar",
                  "modifiers": {
                    "mandatory": [
                      "any"
                    ]
                  }
                },
                "conditions": [
                  {
                    "type": "variable_if",
                    "name": "hyper_sublayer_a",
                    "value": 1
                  }
                ]
              }
            ]
          },
          {
            "description": "Hyper Key sublayer \"s\"",
            "manipulators": [
              {
                "description": "Toggle Hyper sublayer s",
                "type": "basic",
                "from": {
                  "key_code": "s",
                  "modifiers": {
                    "mandatory": [
                      "left_command",
                      "left_control",
                      "left_shift",
                      "left_option"
                    ]
                  }
                },
                "to_after_key_up": [
                  {
                    "set_variable": {
                      "name": "hyper_sublayer_s",
                      "value": 0
                    }
                  }
                ],
                "to": [
                  {
                    "set_variable": {
                      "name": "hyper_sublayer_s",
                      "value": 1
                    }
                  }
                ],
                "conditions": [
                  {
                    "type": "variable_if",
                    "name": "hyper_sublayer_a",
                    "value": 0
                  }
                ]
              },
              {
                "to": [
                  {
                    "key_code": "volume_increment"
                  }
                ],
                "type": "basic",
                "from": {
                  "key_code": "u",
                  "modifiers": {
                    "mandatory": [
                      "any"
                    ]
                  }
                },
                "conditions": [
                  {
                    "type": "variable_if",
                    "name": "hyper_sublayer_s",
                    "value": 1
                  }
                ]
              },
              {
                "to": [
                  {
                    "key_code": "volume_decrement"
                  }
                ],
                "type": "basic",
                "from": {
                  "key_code": "j",
                  "modifiers": {
                    "mandatory": [
                      "any"
                    ]
                  }
                },
                "conditions": [
                  {
                    "type": "variable_if",
                    "name": "hyper_sublayer_s",
                    "value": 1
                  }
                ]
              },
              {
                "to": [
                  {
                    "key_code": "display_brightness_increment"
                  }
                ],
                "type": "basic",
                "from": {
                  "key_code": "i",
                  "modifiers": {
                    "mandatory": [
                      "any"
                    ]
                  }
                },
                "conditions": [
                  {
                    "type": "variable_if",
                    "name": "hyper_sublayer_s",
                    "value": 1
                  }
                ]
              },
              {
                "to": [
                  {
                    "key_code": "display_brightness_decrement"
                  }
                ],
                "type": "basic",
                "from": {
                  "key_code": "k",
                  "modifiers": {
                    "mandatory": [
                      "any"
                    ]
                  }
                },
                "conditions": [
                  {
                    "type": "variable_if",
                    "name": "hyper_sublayer_s",
                    "value": 1
                  }
                ]
              },
              {
                "to": [
                  {
                    "key_code": "q",
                    "modifiers": [
                      "right_control",
                      "right_command"
                    ]
                  }
                ],
                "type": "basic",
                "from": {
                  "key_code": "l",
                  "modifiers": {
                    "mandatory": [
                      "any"
                    ]
                  }
                },
                "conditions": [
                  {
                    "type": "variable_if",
                    "name": "hyper_sublayer_s",
                    "value": 1
                  }
                ]
              },
              {
                "to": [
                  {
                    "key_code": "play_or_pause"
                  }
                ],
                "type": "basic",
                "from": {
                  "key_code": "p",
                  "modifiers": {
                    "mandatory": [
                      "any"
                    ]
                  }
                },
                "conditions": [
                  {
                    "type": "variable_if",
                    "name": "hyper_sublayer_s",
                    "value": 1
                  }
                ]
              },
              {
                "to": [
                  {
                    "key_code": "fastforward"
                  }
                ],
                "type": "basic",
                "from": {
                  "key_code": "semicolon",
                  "modifiers": {
                    "mandatory": [
                      "any"
                    ]
                  }
                },
                "conditions": [
                  {
                    "type": "variable_if",
                    "name": "hyper_sublayer_s",
                    "value": 1
                  }
                ]
              },
              {
                "to": [
                  {
                    "key_code": "spacebar",
                    "modifiers": [
                      "right_control",
                      "right_command"
                    ]
                  }
                ],
                "type": "basic",
                "from": {
                  "key_code": "e",
                  "modifiers": {
                    "mandatory": [
                      "any"
                    ]
                  }
                },
                "conditions": [
                  {
                    "type": "variable_if",
                    "name": "hyper_sublayer_s",
                    "value": 1
                  }
                ]
              }
            ]
          }
        ]
      }
    }
  ]
}