{
  "global": {
    "show_in_menu_bar": false
  },
  "profiles": [
    {
      "name": "Default",
      "complex_modifications": {
        "rules": [
          {
            "description": "Hyper Key (⌃⌥⇧⌘)",
            "manipulators": [
              {
                "description": "Caps Lock -> Hyper Key",
                "from": {
                  "key_code": "caps_lock"
                },
                "to": [
                  {
                    "key_code": "left_shift",
                    "modifiers": [
                      "left_command",
                      "left_control",
                      "left_option"
                    ]
                  }
                ],
                "to_if_alone": [
                  {
                    "key_code": "escape"
                  }
                ],
                "type": "basic"
              },
              {
                "type": "basic",
                "description": "Disable CMD + Tab to force Hyper Key usage",
                "from": {
                  "key_code": "tab",
                  "modifiers": {
                    "mandatory": [
                      "left_command"
                    ]
                  }
                },
                "to": [
                  {
                    "key_code": "tab"
                  }
                ]
              }
            ]
          },
          {
            "description": "Hyper Key sublayer \"o\"",
            "manipulators": [
              {
                "description": "Toggle Hyper sublayer o",
                "type": "basic",
                "from": {
                  "key_code": "o",
                  "modifiers": {
                    "mandatory": [
                      "left_command",
                      "left_control",
                      "left_shift",
                      "left_option"
                    ]
                  }
                },
                "to_after_key_up": [
                  {
                    "set_variable": {
                      "name": "hyper_sublayer_o",
                      "value": 0
                    }
                  }
                ],
                "to": [
                  {
                    "set_variable": {
                      "name": "hyper_sublayer_o",
                      "value": 1
                    }
                  }
                ],
                "conditions": [
                  {
                    "type": "variable_if",
                    "name": "hyper_sublayer_w",
                    "value": 0
                  },
                  {
                    "type": "variable_if",
                    "name": "hyper_sublayer_s",
                    "value": 0
                  },
                  {
                    "type": "variable_if",
                    "name": "hyper_sublayer_v",
                    "value": 0
                  }
                ]
              },
              {
                "to": [
                  {
                    "shell_command": "open -a 'Google Chrome.app'"
                  }
                ],
                "description": "Open -a 'Google Chrome.app'",
                "type": "basic",
                "from": {
                  "key_code": "g",
                  "modifiers": {
                    "mandatory": [
                      "any"
                    ]
                  }
                },
                "conditions": [
                  {
                    "type": "variable_if",
                    "name": "hyper_sublayer_o",
                    "value": 1
                  }
                ]
              },
              {
                "to": [
                  {
                    "shell_command": "open -a 'Cron.app'"
                  }
                ],
                "description": "Open -a 'Cron.app'",
                "type": "basic",
                "from": {
                  "key_code": "c",
                  "modifiers": {
                    "mandatory": [
                      "any"
                    ]
                  }
                },
                "conditions": [
                  {
                    "type": "variable_if",
                    "name": "hyper_sublayer_o",
                    "value": 1
                  }
                ]
              },
              {
                "to": [
                  {
                    "shell_command": "open -a 'Visual Studio Code.app'"
                  }
                ],
                "description": "Open -a 'Visual Studio Code.app'",
                "type": "basic",
                "from": {
                  "key_code": "v",
                  "modifiers": {
                    "mandatory": [
                      "any"
                    ]
                  }
                },
                "conditions": [
                  {
                    "type": "variable_if",
                    "name": "hyper_sublayer_o",
                    "value": 1
                  }
                ]
              },
              {
                "to": [
                  {
                    "shell_command": "open -a 'Discord.app'"
                  }
                ],
                "description": "Open -a 'Discord.app'",
                "type": "basic",
                "from": {
                  "key_code": "d",
                  "modifiers": {
                    "mandatory": [
                      "any"
                    ]
                  }
                },
                "conditions": [
                  {
                    "type": "variable_if",
                    "name": "hyper_sublayer_o",
                    "value": 1
                  }
                ]
              },
              {
                "to": [
                  {
                    "shell_command": "open -a 'Slack.app'"
                  }
                ],
                "description": "Open -a 'Slack.app'",
                "type": "basic",
                "from": {
                  "key_code": "s",
                  "modifiers": {
                    "mandatory": [
                      "any"
                    ]
                  }
                },
                "conditions": [
                  {
                    "type": "variable_if",
                    "name": "hyper_sublayer_o",
                    "value": 1
                  }
                ]
              },
              {
                "to": [
                  {
                    "shell_command": "open -a 'Superhuman.app'"
                  }
                ],
                "description": "Open -a 'Superhuman.app'",
                "type": "basic",
                "from": {
                  "key_code": "e",
                  "modifiers": {
                    "mandatory": [
                      "any"
                    ]
                  }
                },
                "conditions": [
                  {
                    "type": "variable_if",
                    "name": "hyper_sublayer_o",
                    "value": 1
                  }
                ]
              },
              {
                "to": [
                  {
                    "shell_command": "open -a 'Notion.app'"
                  }
                ],
                "description": "Open -a 'Notion.app'",
                "type": "basic",
                "from": {
                  "key_code": "n",
                  "modifiers": {
                    "mandatory": [
                      "any"
                    ]
                  }
                },
                "conditions": [
                  {
                    "type": "variable_if",
                    "name": "hyper_sublayer_o",
                    "value": 1
                  }
                ]
              },
              {
                "to": [
                  {
                    "shell_command": "open -a 'Terminal.app'"
                  }
                ],
                "description": "Open -a 'Terminal.app'",
                "type": "basic",
                "from": {
                  "key_code": "t",
                  "modifiers": {
                    "mandatory": [
                      "any"
                    ]
                  }
                },
                "conditions": [
                  {
                    "type": "variable_if",
                    "name": "hyper_sublayer_o",
                    "value": 1
                  }
                ]
              },
              {
                "to": [
                  {
                    "shell_command": "open notion://www.notion.so/graphcdn/7b33b924746647499d906c55f89d5026?v=7f9a78e5477d40088f54bdbaf212f304"
                  }
                ],
                "description": "Open notion://www.notion.so/graphcdn/7b33b924746647499d906c55f89d5026?v=7f9a78e5477d40088f54bdbaf212f304",
                "type": "basic",
                "from": {
                  "key_code": "h",
                  "modifiers": {
                    "mandatory": [
                      "any"
                    ]
                  }
                },
                "conditions": [
                  {
                    "type": "variable_if",
                    "name": "hyper_sublayer_o",
                    "value": 1
                  }
                ]
              }
            ]
          },
          {
            "description": "Hyper Key sublayer \"w\"",
            "manipulators": [
              {
                "description": "Toggle Hyper sublayer w",
                "type": "basic",
                "from": {
                  "key_code": "w",
                  "modifiers": {
                    "mandatory": [
                      "left_command",
                      "left_control",
                      "left_shift",
                      "left_option"
                    ]
                  }
                },
                "to_after_key_up": [
                  {
                    "set_variable": {
                      "name": "hyper_sublayer_w",
                      "value": 0
                    }
                  }
                ],
                "to": [
                  {
                    "set_variable": {
                      "name": "hyper_sublayer_w",
                      "value": 1
                    }
                  }
                ],
                "conditions": [
                  {
                    "type": "variable_if",
                    "name": "hyper_sublayer_o",
                    "value": 0
                  },
                  {
                    "type": "variable_if",
                    "name": "hyper_sublayer_s",
                    "value": 0
                  },
                  {
                    "type": "variable_if",
                    "name": "hyper_sublayer_v",
                    "value": 0
                  }
                ]
              },
              {
                "description": "Window: First Third",
                "to": [
                  {
                    "key_code": "left_arrow",
                    "modifiers": [
                      "right_option",
                      "right_control"
                    ]
                  }
                ],
                "type": "basic",
                "from": {
                  "key_code": "h",
                  "modifiers": {
                    "mandatory": [
                      "any"
                    ]
                  }
                },
                "conditions": [
                  {
                    "type": "variable_if",
                    "name": "hyper_sublayer_w",
                    "value": 1
                  }
                ]
              },
              {
                "description": "Window: Last Third",
                "to": [
                  {
                    "key_code": "right_arrow",
                    "modifiers": [
                      "right_option",
                      "right_control"
                    ]
                  }
                ],
                "type": "basic",
                "from": {
                  "key_code": "l",
                  "modifiers": {
                    "mandatory": [
                      "any"
                    ]
                  }
                },
                "conditions": [
                  {
                    "type": "variable_if",
                    "name": "hyper_sublayer_w",
                    "value": 1
                  }
                ]
              },
              {
                "description": "Window: Left Half",
                "to": [
                  {
                    "key_code": "left_arrow",
                    "modifiers": [
                      "right_option",
                      "right_command"
                    ]
                  }
                ],
                "type": "basic",
                "from": {
                  "key_code": "y",
                  "modifiers": {
                    "mandatory": [
                      "any"
                    ]
                  }
                },
                "conditions": [
                  {
                    "type": "variable_if",
                    "name": "hyper_sublayer_w",
                    "value": 1
                  }
                ]
              },
              {
                "description": "Window: Right Half",
                "to": [
                  {
                    "key_code": "right_arrow",
                    "modifiers": [
                      "right_option",
                      "right_command"
                    ]
                  }
                ],
                "type": "basic",
                "from": {
                  "key_code": "o",
                  "modifiers": {
                    "mandatory": [
                      "any"
                    ]
                  }
                },
                "conditions": [
                  {
                    "type": "variable_if",
                    "name": "hyper_sublayer_w",
                    "value": 1
                  }
                ]
              },
              {
                "description": "Window: Full Screen",
                "to": [
                  {
                    "key_code": "f",
                    "modifiers": [
                      "right_option",
                      "right_command"
                    ]
                  }
                ],
                "type": "basic",
                "from": {
                  "key_code": "f",
                  "modifiers": {
                    "mandatory": [
                      "any"
                    ]
                  }
                },
                "conditions": [
                  {
                    "type": "variable_if",
                    "name": "hyper_sublayer_w",
                    "value": 1
                  }
                ]
              },
              {
                "description": "Window: Previous Tab",
                "to": [
                  {
                    "key_code": "tab",
                    "modifiers": [
                      "right_control",
                      "right_shift"
                    ]
                  }
                ],
                "type": "basic",
                "from": {
                  "key_code": "u",
                  "modifiers": {
                    "mandatory": [
                      "any"
                    ]
                  }
                },
                "conditions": [
                  {
                    "type": "variable_if",
                    "name": "hyper_sublayer_w",
                    "value": 1
                  }
                ]
              },
              {
                "description": "Window: Next Tab",
                "to": [
                  {
                    "key_code": "tab",
                    "modifiers": [
                      "right_control"
                    ]
                  }
                ],
                "type": "basic",
                "from": {
                  "key_code": "i",
                  "modifiers": {
                    "mandatory": [
                      "any"
                    ]
                  }
                },
                "conditions": [
                  {
                    "type": "variable_if",
                    "name": "hyper_sublayer_w",
                    "value": 1
                  }
                ]
              }
            ]
          },
          {
            "description": "Hyper Key sublayer \"s\"",
            "manipulators": [
              {
                "description": "Toggle Hyper sublayer s",
                "type": "basic",
                "from": {
                  "key_code": "s",
                  "modifiers": {
                    "mandatory": [
                      "left_command",
                      "left_control",
                      "left_shift",
                      "left_option"
                    ]
                  }
                },
                "to_after_key_up": [
                  {
                    "set_variable": {
                      "name": "hyper_sublayer_s",
                      "value": 0
                    }
                  }
                ],
                "to": [
                  {
                    "set_variable": {
                      "name": "hyper_sublayer_s",
                      "value": 1
                    }
                  }
                ],
                "conditions": [
                  {
                    "type": "variable_if",
                    "name": "hyper_sublayer_o",
                    "value": 0
                  },
                  {
                    "type": "variable_if",
                    "name": "hyper_sublayer_w",
                    "value": 0
                  },
                  {
                    "type": "variable_if",
                    "name": "hyper_sublayer_v",
                    "value": 0
                  }
                ]
              },
              {
                "to": [
                  {
                    "key_code": "volume_increment"
                  }
                ],
                "type": "basic",
                "from": {
                  "key_code": "u",
                  "modifiers": {
                    "mandatory": [
                      "any"
                    ]
                  }
                },
                "conditions": [
                  {
                    "type": "variable_if",
                    "name": "hyper_sublayer_s",
                    "value": 1
                  }
                ]
              },
              {
                "to": [
                  {
                    "key_code": "volume_decrement"
                  }
                ],
                "type": "basic",
                "from": {
                  "key_code": "j",
                  "modifiers": {
                    "mandatory": [
                      "any"
                    ]
                  }
                },
                "conditions": [
                  {
                    "type": "variable_if",
                    "name": "hyper_sublayer_s",
                    "value": 1
                  }
                ]
              },
              {
                "to": [
                  {
                    "key_code": "display_brightness_increment"
                  }
                ],
                "type": "basic",
                "from": {
                  "key_code": "i",
                  "modifiers": {
                    "mandatory": [
                      "any"
                    ]
                  }
                },
                "conditions": [
                  {
                    "type": "variable_if",
                    "name": "hyper_sublayer_s",
                    "value": 1
                  }
                ]
              },
              {
                "to": [
                  {
                    "key_code": "display_brightness_decrement"
                  }
                ],
                "type": "basic",
                "from": {
                  "key_code": "k",
                  "modifiers": {
                    "mandatory": [
                      "any"
                    ]
                  }
                },
                "conditions": [
                  {
                    "type": "variable_if",
                    "name": "hyper_sublayer_s",
                    "value": 1
                  }
                ]
              },
              {
                "to": [
                  {
                    "key_code": "q",
                    "modifiers": [
                      "right_control",
                      "right_command"
                    ]
                  }
                ],
                "type": "basic",
                "from": {
                  "key_code": "l",
                  "modifiers": {
                    "mandatory": [
                      "any"
                    ]
                  }
                },
                "conditions": [
                  {
                    "type": "variable_if",
                    "name": "hyper_sublayer_s",
                    "value": 1
                  }
                ]
              },
              {
                "to": [
                  {
                    "key_code": "play_or_pause"
                  }
                ],
                "type": "basic",
                "from": {
                  "key_code": "p",
                  "modifiers": {
                    "mandatory": [
                      "any"
                    ]
                  }
                },
                "conditions": [
                  {
                    "type": "variable_if",
                    "name": "hyper_sublayer_s",
                    "value": 1
                  }
                ]
              },
              {
                "to": [
                  {
                    "key_code": "fastforward"
                  }
                ],
                "type": "basic",
                "from": {
                  "key_code": "semicolon",
                  "modifiers": {
                    "mandatory": [
                      "any"
                    ]
                  }
                },
                "conditions": [
                  {
                    "type": "variable_if",
                    "name": "hyper_sublayer_s",
                    "value": 1
                  }
                ]
              },
              {
                "to": [
                  {
                    "key_code": "spacebar",
                    "modifiers": [
                      "right_control",
                      "right_command"
                    ]
                  }
                ],
                "type": "basic",
                "from": {
                  "key_code": "e",
                  "modifiers": {
                    "mandatory": [
                      "any"
                    ]
                  }
                },
                "conditions": [
                  {
                    "type": "variable_if",
                    "name": "hyper_sublayer_s",
                    "value": 1
                  }
                ]
              }
            ]
          },
          {
            "description": "Hyper Key sublayer \"v\"",
            "manipulators": [
              {
                "description": "Toggle Hyper sublayer v",
                "type": "basic",
                "from": {
                  "key_code": "v",
                  "modifiers": {
                    "mandatory": [
                      "left_command",
                      "left_control",
                      "left_shift",
                      "left_option"
                    ]
                  }
                },
                "to_after_key_up": [
                  {
                    "set_variable": {
                      "name": "hyper_sublayer_v",
                      "value": 0
                    }
                  }
                ],
                "to": [
                  {
                    "set_variable": {
                      "name": "hyper_sublayer_v",
                      "value": 1
                    }
                  }
                ],
                "conditions": [
                  {
                    "type": "variable_if",
                    "name": "hyper_sublayer_o",
                    "value": 0
                  },
                  {
                    "type": "variable_if",
                    "name": "hyper_sublayer_w",
                    "value": 0
                  },
                  {
                    "type": "variable_if",
                    "name": "hyper_sublayer_s",
                    "value": 0
                  }
                ]
              },
              {
                "to": [
                  {
                    "key_code": "left_arrow"
                  }
                ],
                "type": "basic",
                "from": {
                  "key_code": "h",
                  "modifiers": {
                    "mandatory": [
                      "any"
                    ]
                  }
                },
                "conditions": [
                  {
                    "type": "variable_if",
                    "name": "hyper_sublayer_v",
                    "value": 1
                  }
                ]
              },
              {
                "to": [
                  {
                    "key_code": "down_arrow"
                  }
                ],
                "type": "basic",
                "from": {
                  "key_code": "j",
                  "modifiers": {
                    "mandatory": [
                      "any"
                    ]
                  }
                },
                "conditions": [
                  {
                    "type": "variable_if",
                    "name": "hyper_sublayer_v",
                    "value": 1
                  }
                ]
              },
              {
                "to": [
                  {
                    "key_code": "up_arrow"
                  }
                ],
                "type": "basic",
                "from": {
                  "key_code": "k",
                  "modifiers": {
                    "mandatory": [
                      "any"
                    ]
                  }
                },
                "conditions": [
                  {
                    "type": "variable_if",
                    "name": "hyper_sublayer_v",
                    "value": 1
                  }
                ]
              },
              {
                "to": [
                  {
                    "key_code": "right_arrow"
                  }
                ],
                "type": "basic",
                "from": {
                  "key_code": "l",
                  "modifiers": {
                    "mandatory": [
                      "any"
                    ]
                  }
                },
                "conditions": [
                  {
                    "type": "variable_if",
                    "name": "hyper_sublayer_v",
                    "value": 1
                  }
                ]
              },
              {
                "to": [
                  {
                    "key_code": "f",
                    "modifiers": [
                      "right_control"
                    ]
                  }
                ],
                "type": "basic",
                "from": {
                  "key_code": "m",
                  "modifiers": {
                    "mandatory": [
                      "any"
                    ]
                  }
                },
                "conditions": [
                  {
                    "type": "variable_if",
                    "name": "hyper_sublayer_v",
                    "value": 1
                  }
                ]
              }
            ]
          }
        ]
      }
    }
  ]
}